(*ﾟ∀ﾟ)ﾉ パキャッ,1288,1288,4143,名詞,固有名詞,一般,*,*,*,ノパキャッ,ﾉパキャッ,ﾉ[パキャッ
(ぁ,1288,1288,8142,名詞,固有名詞,一般,*,*,*,(ぁ,ァ,
2 VOICE,1289,1289,4390,名詞,固有名詞,人名,一般,*,*,2 VOICE,ャ,
2 voice,1289,1289,4390,名詞,固有名詞,人名,一般,*,*,2 VOICE,ャ,
2 wEi,1289,1289,6278,名詞,固有名詞,人名,一般,*,*,2 wEi,ャ,
2 wei,1289,1289,6278,名詞,固有名詞,人名,一般,*,*,2 wEi,ャ,
2-EIGHT,1289,1289,4390,名詞,固有名詞,人名,一般,*,*,2-EIGHT,ャ,
2-eight,1289,1289,4390,名詞,固有名詞,人名,一般,*,*,2-EIGHT,ャ,
2side1BRAIN,1289,1289,3298,名詞,固有名詞,人名,一般,*,*,2side1BRAIN,ャ,
2side1brain,1289,1289,3298,名詞,固有名詞,人名,一般,*,*,2side1BRAIN,ャ,
32@ALL,1289,1289,5052,名詞,固有名詞,人名,一般,*,*,32@ALL,ャ,
32@all,1289,1289,5052,名詞,固有名詞,人名,一般,*,*,32@ALL,ャ,
A.N.R.i.,1289,1289,4078,名詞,固有名詞,人名,一般,*,*,A.N.R.i.,㋘,㋘
A.n.r.i.,1289,1289,4078,名詞,固有名詞,人名,一般,*,*,A.N.R.i.,㋘,㋘
ALFEE meets KanLeKeeZ,1289,1289,3528,名詞,固有名詞,人名,一般,*,*,ALFEE meets KanLeKeeZ,ャ,
AMATSUKA,1289,1289,4078,名詞,固有名詞,人名,一般,*,*,AMATSUKA,ャ,
APX,1289,1289,7251,名詞,固有名詞,人名,一般,*,*,APX,ャ,
Ai Kisaragi x Tetsuroh Konishi,1289,1289,3528,名詞,固有名詞,人名,一般,*,*,Ai Kisaragi x Tetsuroh Konishi,ャ,
Ai kisaragi x tetsuroh konishi,1289,1289,3528,名詞,固有名詞,人名,一般,*,*,Ai Kisaragi x Tetsuroh Konishi,ャ,
AirBox,1289,1289,5052,名詞,固有名詞,人名,一般,*,*,AirBox,ャ,
Airbox,1289,1289,5052,名詞,固有名詞,人名,一般,*,*,AirBox,ャ,
Akihiko Matsumoto,1289,1289,2328,名詞,固有名詞,人名,一般,*,*,Akihiko Matsumoto,ャ,
Akihiko matsumoto,1289,1289,2328,名詞,固有名詞,人名,一般,*,*,Akihiko Matsumoto,ャ,
Alfee meets kanlekeez,1289,1289,3528,名詞,固有名詞,人名,一般,*,*,ALFEE meets KanLeKeeZ,ャ,
Amatsuka,1289,1289,4078,名詞,固有名詞,人名,一般,*,*,AMATSUKA,ャ,
Aoi Tsukino,1289,1289,3298,名詞,固有名詞,人名,一般,*,*,Aoi Tsukino,ャ,
Aoi tsukino,1289,1289,3298,名詞,固有名詞,人名,一般,*,*,Aoi Tsukino,ャ,
Arts The Foundation,1289,1289,2098,名詞,固有名詞,人名,一般,*,*,Arts The Foundation,ャ,
Arts the foundation,1289,1289,2098,名詞,固有名詞,人名,一般,*,*,Arts The Foundation,ャ,
BACK-ZETS,1289,1289,3758,名詞,固有名詞,人名,一般,*,*,BACK-ZETS,ャ,
Back-zets,1289,1289,3758,名詞,固有名詞,人名,一般,*,*,BACK-ZETS,ャ,
C17H19NO3,1289,1289,3758,名詞,固有名詞,人名,一般,*,*,C17H19NO3,㋘スリー,㋘[スリ]ー
C17h19no3,1289,1289,3758,名詞,固有名詞,人名,一般,*,*,C17H19NO3,㋘スリー,㋘[スリ]ー
CALM presents K.F.,1289,1289,2198,名詞,固有名詞,人名,一般,*,*,CALM presents K.F.,ャ,
CNBLUE,1289,1289,5052,名詞,固有名詞,人名,一般,*,*,CNBLUE,㋘,㋘
CNCO,1289,1289,6855,名詞,固有名詞,人名,一般,*,*,CNCO,㋘,㋘
COJIRASE THE TRIP,1289,1289,2328,名詞,固有名詞,人名,一般,*,*,COJIRASE THE TRIP,ャ,
CORDYCEPS,1289,1289,3758,名詞,固有名詞,人名,一般,*,*,CORDYCEPS,ャ,
Calm presents k.f.,1289,1289,2198,名詞,固有名詞,人名,一般,*,*,CALM presents K.F.,ャ,
Cnblue,1289,1289,5052,名詞,固有名詞,人名,一般,*,*,CNBLUE,㋘,㋘
Cnco,1289,1289,6855,名詞,固有名詞,人名,一般,*,*,CNCO,㋘,㋘
Cojirase the trip,1289,1289,2328,名詞,固有名詞,人名,一般,*,*,COJIRASE THE TRIP,ャ,
Cordyceps,1289,1289,3758,名詞,固有名詞,人名,一般,*,*,CORDYCEPS,ャ,
E-N-D,1289,1289,6278,名詞,固有名詞,人名,一般,*,*,E-N-D,㋘,㋘
E-n-d,1289,1289,6278,名詞,固有名詞,人名,一般,*,*,E-N-D,㋘,㋘
ENOII,1289,1289,6278,名詞,固有名詞,人名,一般,*,*,ENOII,㋘ャ,㋘]ヤ
ETHNIC MINORITY,1289,1289,2608,名詞,固有名詞,人名,一般,*,*,ETHNIC MINORITY,ャ,
EXILE ATSUSHI,1289,1289,2938,名詞,固有名詞,人名,一般,*,*,EXILE ATSUSHI,ャ,
Eiji meets Aces of Syncopation,1289,1289,3528,名詞,固有名詞,人名,一般,*,*,Eiji meets Aces of Syncopation,ャ,
Eiji meets aces of syncopation,1289,1289,3528,名詞,固有名詞,人名,一般,*,*,Eiji meets Aces of Syncopation,ャ,
Enoii,1289,1289,6278,名詞,固有名詞,人名,一般,*,*,ENOII,㋘ャ,㋘]ヤ
Ethnic minority,1289,1289,2608,名詞,固有名詞,人名,一般,*,*,ETHNIC MINORITY,ャ,
Exile atsushi,1289,1289,2938,名詞,固有名詞,人名,一般,*,*,EXILE ATSUSHI,ャ,
FANTASTICS from EXILE TRIBE,1289,1289,2340,名詞,固有名詞,人名,一般,*,*,FANTASTICS from EXILE TRIBE,ャ,
Fantastics from exile tribe,1289,1289,2340,名詞,固有名詞,人名,一般,*,*,FANTASTICS from EXILE TRIBE,ャ,
HATSUHO FURUKAWA PIANO TRIO,1289,1289,2340,名詞,固有名詞,人名,一般,*,*,HATSUHO FURUKAWA PIANO TRIO,ャ,
HEARTS OF BRAIN,1289,1289,2608,名詞,固有名詞,人名,一般,*,*,HEARTS OF BRAIN,ャ,
HEINOUS,1289,1289,4390,名詞,固有名詞,人名,一般,*,*,HEINOUS,㋘,㋘
HIKARU meets KENICHI YANAI,1289,1289,3528,名詞,固有名詞,人名,一般,*,*,HIKARU meets KENICHI YANAI,ャ,
Hatsuho furukawa piano trio,1289,1289,2340,名詞,固有名詞,人名,一般,*,*,HATSUHO FURUKAWA PIANO TRIO,ャ,
Hatsumi,1289,1289,4390,名詞,固有名詞,人名,一般,*,*,Hatsumi,ャ,
Hearts Grow,1289,1289,3298,名詞,固有名詞,人名,一般,*,*,Hearts Grow,ャ,
Hearts grow,1289,1289,3298,名詞,固有名詞,人名,一般,*,*,Hearts Grow,ャ,
Hearts of brain,1289,1289,2608,名詞,固有名詞,人名,一般,*,*,HEARTS OF BRAIN,ャ,
Heartsdales,1289,1289,2710,名詞,固有名詞,人名,一般,*,*,Heartsdales,ャ,
Heinous,1289,1289,4390,名詞,固有名詞,人名,一般,*,*,HEINOUS,㋘,㋘
Hikaru meets kenichi yanai,1289,1289,3528,名詞,固有名詞,人名,一般,*,*,HIKARU meets KENICHI YANAI,ャ,
Hiroyuki Matsumoto,1289,1289,2063,名詞,固有名詞,人名,一般,*,*,Hiroyuki Matsumoto,ャ,
Hiroyuki matsumoto,1289,1289,2063,名詞,固有名詞,人名,一般,*,*,Hiroyuki Matsumoto,ャ,
II DOGG,1289,1289,4390,名詞,固有名詞,人名,一般,*,*,II DOGG,ャ,
IKUKO TUNE,1289,1289,3528,名詞,固有名詞,人名,一般,*,*,IKUKO TUNE,ャ,
Ii dogg,1289,1289,4390,名詞,固有名詞,人名,一般,*,*,II DOGG,ャ,
Ikuko tune,1289,1289,3528,名詞,固有名詞,人名,一般,*,*,IKUKO TUNE,ャ,
Ituca,1289,1289,6278,名詞,固有名詞,人名,一般,*,*,iTuca,ャ,
K.F.re-presents CALM,1289,1289,1998,名詞,固有名詞,人名,一般,*,*,K.F.re-presents CALM,ャ,
K.f.re-presents calm,1289,1289,1998,名詞,固有名詞,人名,一般,*,*,K.F.re-presents CALM,ャ,
K2 with.es,1289,1289,3528,名詞,固有名詞,人名,一般,*,*,K2 with.es,ャ,
K2,1289,1289,7587,名詞,固有名詞,人名,一般,*,*,K2,ャ,
K2BAND,1289,1289,5052,名詞,固有名詞,人名,一般,*,*,K2BAND,ャ,
K2band,1289,1289,5052,名詞,固有名詞,人名,一般,*,*,K2BAND,ャ,
KK NULL,1289,1289,4390,名詞,固有名詞,人名,一般,*,*,KK NULL,㋘,㋘
KNIGHTS OF ROUND,1289,1289,2458,名詞,固有名詞,人名,一般,*,*,KNIGHTS OF ROUND,ャ,
KNU,1289,1289,7251,名詞,固有名詞,人名,一般,*,*,KNU,㋘,㋘
KNX,1289,1289,7251,名詞,固有名詞,人名,一般,*,*,KNX,㋘,㋘
KRN-GEN.W,1289,1289,3758,名詞,固有名詞,人名,一般,*,*,KRN-GEN.W,㋘,㋘
KYN a.k.a KOYANMUSIC,1289,1289,1998,名詞,固有名詞,人名,一般,*,*,KYN a.k.a KOYANMUSIC,㋘,㋘
King Gnu,1289,1289,4078,名詞,固有名詞,人名,一般,*,*,King Gnu,㋘,㋘
King gnu,1289,1289,4078,名詞,固有名詞,人名,一般,*,*,King Gnu,㋘,㋘
Kis-My-Ft2,1289,1289,3528,名詞,固有名詞,人名,一般,*,*,Kis-My-Ft2,ャ,
Kis-my-ft2,1289,1289,3528,名詞,固有名詞,人名,一般,*,*,Kis-My-Ft2,ャ,
Kk null,1289,1289,4390,名詞,固有名詞,人名,一般,*,*,KK NULL,㋘,㋘
Knights of round,1289,1289,2458,名詞,固有名詞,人名,一般,*,*,KNIGHTS OF ROUND,ャ,
Kosuke Tsuji,1289,1289,3118,名詞,固有名詞,人名,一般,*,*,Kosuke Tsuji,ャ,
Kosuke tsuji,1289,1289,3118,名詞,固有名詞,人名,一般,*,*,Kosuke Tsuji,ャ,
Krn-gen.w,1289,1289,3758,名詞,固有名詞,人名,一般,*,*,KRN-GEN.W,㋘,㋘
Kyn a.k.a koyanmusic,1289,1289,1998,名詞,固有名詞,人名,一般,*,*,KYN a.k.a KOYANMUSIC,㋘,㋘
Lights Dim with Gallery Six,1289,1289,3528,名詞,固有名詞,人名,一般,*,*,Lights Dim with Gallery Six,ャ,
Lights dim with gallery six,1289,1289,3528,名詞,固有名詞,人名,一般,*,*,Lights Dim with Gallery Six,ャ,
Lion Heads,1289,1289,3528,名詞,固有名詞,人名,一般,*,*,Lion Heads,ャ,
Lion heads,1289,1289,3528,名詞,固有名詞,人名,一般,*,*,Lion Heads,ャ,
Loostripper,1289,1289,2710,名詞,固有名詞,人名,一般,*,*,Loostripper,ャ,
M2U,1289,1289,7251,名詞,固有名詞,人名,一般,*,*,M2U,ャ,
MAUDIE featuring Shingo Matsuda,1289,1289,-12722,名詞,固有名詞,人名,一般,*,*,MAUDIE featuring Shingo Matsuda,ャ,
MAYKIDZ,1289,1289,4390,名詞,固有名詞,人名,一般,*,*,MAYKIDZ,ャ,
MEZZA MILZOW EUROPEAN QUARTET,1289,1289,-4925,名詞,固有名詞,人名,一般,*,*,MEZZA MILZOW EUROPEAN QUARTET,ャ,
MITSUHIRO,1289,1289,3758,名詞,固有名詞,人名,一般,*,*,MITSUHIRO,ャ,
MJT,1289,1289,7251,名詞,固有名詞,人名,一般,*,*,MJT,ャ,
MORBID ART,1289,1289,3528,名詞,固有名詞,人名,一般,*,*,MORBID ART,ャ,
Maudie featuring shingo matsuda,1289,1289,-12722,名詞,固有名詞,人名,一般,*,*,MAUDIE featuring Shingo Matsuda,ャ,
Maykidz,1289,1289,4390,名詞,固有名詞,人名,一般,*,*,MAYKIDZ,ャ,
Mezza milzow european quartet,1289,1289,-4925,名詞,固有名詞,人名,一般,*,*,MEZZA MILZOW EUROPEAN QUARTET,ャ,
Mika Stoltzman,1289,1289,2758,名詞,固有名詞,人名,一般,*,*,Mika Stoltzman,ャ,
Mika stoltzman,1289,1289,2758,名詞,固有名詞,人名,一般,*,*,Mika Stoltzman,ャ,
Mitsuhiro,1289,1289,3758,名詞,固有名詞,人名,一般,*,*,MITSUHIRO,ャ,
Morbid art,1289,1289,3528,名詞,固有名詞,人名,一般,*,*,MORBID ART,ャ,
N-POP crew,1289,1289,3528,名詞,固有名詞,人名,一般,*,*,N-POP crew,㋘,㋘
N-pop crew,1289,1289,3528,名詞,固有名詞,人名,一般,*,*,N-POP crew,㋘,㋘
N/A,1289,1289,7251,名詞,固有名詞,人名,一般,*,*,N/A,㋘,㋘
NBGI,1289,1289,6855,名詞,固有名詞,人名,一般,*,*,NBGI,㋘,㋘
NCT 127,1289,1289,4390,名詞,固有名詞,人名,一般,*,*,NCT 127,㋘ヒャクニジュウナナ,㋘[ヒャ[クニ]ジュウ[ナ]ナ
NGT48,1289,1289,6278,名詞,固有名詞,人名,一般,*,*,NGT48,㋘,㋘
NHYX,1289,1289,6855,名詞,固有名詞,人名,一般,*,*,NHYX,㋘,㋘
NMB48,1289,1289,6278,名詞,固有名詞,人名,一般,*,*,NMB48,㋘,㋘]
NORTHERNLIGHTS ORCHESTRA,1289,1289,-14742,名詞,固有名詞,人名,一般,*,*,NORTHERNLIGHTS ORCHESTRA,ャ,
NU-NU,1289,1289,6278,名詞,固有名詞,人名,一般,*,*,NU-NU,㋘,㋘
NUBO,1289,1289,6855,名詞,固有名詞,人名,一般,*,*,NUBO,㋘,㋘
NUDE JAZZ,1289,1289,3758,名詞,固有名詞,人名,一般,*,*,NUDE JAZZ,㋘,㋘
NUDE,1289,1289,6855,名詞,固有名詞,人名,一般,*,*,NUDE,㋘,㋘
NUJABES,1289,1289,4390,名詞,固有名詞,人名,一般,*,*,NUJABES,㋘,㋘
NUKEME BAND,1289,1289,3298,名詞,固有名詞,人名,一般,*,*,NUKEME BAND,㋘,㋘
NUNCHUKKA SUPERFLY,1289,1289,2063,名詞,固有名詞,人名,一般,*,*,NUNCHUKKA SUPERFLY,㋘,㋘
NUUAMM,1289,1289,5052,名詞,固有名詞,人名,一般,*,*,NUUAMM,㋘,㋘
NYT,1289,1289,7251,名詞,固有名詞,人名,一般,*,*,NYT,㋘,㋘
NYZ,1289,1289,7251,名詞,固有名詞,人名,一般,*,*,NYZ,㋘,㋘
Nameless A.k.a N.L,1289,1289,2198,名詞,固有名詞,人名,一般,*,*,Nameless A.k.a N.L,㋘,㋘
Nameless a.k.a n.l,1289,1289,2198,名詞,固有名詞,人名,一般,*,*,Nameless A.k.a N.L,㋘,㋘
Naomi de Nachan,1289,1289,2608,名詞,固有名詞,人名,一般,*,*,Naomi de Nachan,ャ,
Naomi de nachan,1289,1289,2608,名詞,固有名詞,人名,一般,*,*,Naomi de Nachan,ャ,
Naoto Matsuzaki,1289,1289,2608,名詞,固有名詞,人名,一般,*,*,Naoto Matsuzaki,ャ,
Naoto matsuzaki,1289,1289,2608,名詞,固有名詞,人名,一般,*,*,Naoto Matsuzaki,ャ,
Naoya Numa,1289,1289,3528,名詞,固有名詞,人名,一般,*,*,Naoya Numa,㋘,㋘
Naoya numa,1289,1289,3528,名詞,固有名詞,人名,一般,*,*,Naoya Numa,㋘,㋘
Nbgi,1289,1289,6855,名詞,固有名詞,人名,一般,*,*,NBGI,㋘,㋘
Nct 127,1289,1289,4390,名詞,固有名詞,人名,一般,*,*,NCT 127,㋘ヒャクニジュウナナ,㋘[ヒャ[クニ]ジュウ[ナ]ナ
Ngt48,1289,1289,6278,名詞,固有名詞,人名,一般,*,*,NGT48,㋘,㋘
Nhyx,1289,1289,6855,名詞,固有名詞,人名,一般,*,*,NHYX,㋘,㋘
Nmb48,1289,1289,6278,名詞,固有名詞,人名,一般,*,*,NMB48,㋘,㋘]
Nob Kinukawa,1289,1289,3118,名詞,固有名詞,人名,一般,*,*,Nob Kinukawa,㋘,㋘
Nob kinukawa,1289,1289,3118,名詞,固有名詞,人名,一般,*,*,Nob Kinukawa,㋘,㋘
NoonMooon,1289,1289,3758,名詞,固有名詞,人名,一般,*,*,NoonMooon,㋘,㋘
Noonmooon,1289,1289,3758,名詞,固有名詞,人名,一般,*,*,NoonMooon,㋘,㋘
Northernlights orchestra,1289,1289,-14742,名詞,固有名詞,人名,一般,*,*,NORTHERNLIGHTS ORCHESTRA,ャ,
Notes of Museum,1289,1289,2608,名詞,固有名詞,人名,一般,*,*,Notes of Museum,ャ,
Notes of museum,1289,1289,2608,名詞,固有名詞,人名,一般,*,*,Notes of Museum,ャ,
Nous,1289,1289,6855,名詞,固有名詞,人名,一般,*,*,Nous,㋘,㋘
Nu-nu,1289,1289,6278,名詞,固有名詞,人名,一般,*,*,NU-NU,㋘,㋘
Nu:Essence,1289,1289,3528,名詞,固有名詞,人名,一般,*,*,Nu:Essence,㋘,㋘
Nu:essence,1289,1289,3528,名詞,固有名詞,人名,一般,*,*,Nu:Essence,㋘,㋘
Nubo,1289,1289,6855,名詞,固有名詞,人名,一般,*,*,NUBO,㋘,㋘
Nuchi,1289,1289,6278,名詞,固有名詞,人名,一般,*,*,Nuchi,㋘,㋘
Nude jazz,1289,1289,3758,名詞,固有名詞,人名,一般,*,*,NUDE JAZZ,㋘,㋘
Nude,1289,1289,6855,名詞,固有名詞,人名,一般,*,*,NUDE,㋘,㋘
Nujabes featuring Shing02,1289,1289,3528,名詞,固有名詞,人名,一般,*,*,Nujabes featuring Shing02,㋘ツー,㋘[ツ]ー
Nujabes featuring shing02,1289,1289,3528,名詞,固有名詞,人名,一般,*,*,Nujabes featuring Shing02,㋘ツー,㋘[ツ]ー
Nujabes,1289,1289,4390,名詞,固有名詞,人名,一般,*,*,NUJABES,㋘,㋘
Nukeme band,1289,1289,3298,名詞,固有名詞,人名,一般,*,*,NUKEME BAND,㋘,㋘
Nukleall,1289,1289,4078,名詞,固有名詞,人名,一般,*,*,Nukleall,㋘,㋘
Nulls,1289,1289,6278,名詞,固有名詞,人名,一般,*,*,Nulls,㋘,㋘
Nunchukka superfly,1289,1289,2063,名詞,固有名詞,人名,一般,*,*,NUNCHUKKA SUPERFLY,㋘,㋘
Nuuamm,1289,1289,5052,名詞,固有名詞,人名,一般,*,*,NUUAMM,㋘,㋘
O.N.O,1289,1289,6278,名詞,固有名詞,人名,一般,*,*,O.N.O,㋘,㋘
O.n.o,1289,1289,6278,名詞,固有名詞,人名,一般,*,*,O.N.O,㋘,㋘
OOWETS,1289,1289,5052,名詞,固有名詞,人名,一般,*,*,OOWETS,ャ,
Oowets,1289,1289,5052,名詞,固有名詞,人名,一般,*,*,OOWETS,ャ,
Phantasic QM,1289,1289,3118,名詞,固有名詞,人名,一般,*,*,Phantasic QM,ャ,
Phantasic qm,1289,1289,3118,名詞,固有名詞,人名,一般,*,*,Phantasic QM,ャ,
Qanun.3,1289,1289,4390,名詞,固有名詞,人名,一般,*,*,Qanun.3,㋘,㋘
ROOTS IN HEAVEN,1289,1289,2608,名詞,固有名詞,人名,一般,*,*,ROOTS IN HEAVEN,ャ,
ROY ROBERTS EXPERIENCE,1289,1289,3528,名詞,固有名詞,人名,一般,*,*,ROY ROBERTS EXPERIENCE,ャ,
Roots in heaven,1289,1289,2608,名詞,固有名詞,人名,一般,*,*,ROOTS IN HEAVEN,ャ,
Roy roberts experience,1289,1289,3528,名詞,固有名詞,人名,一般,*,*,ROY ROBERTS EXPERIENCE,ャ,
SAIKO TSUKAMOTO,1289,1289,2608,名詞,固有名詞,人名,一般,*,*,SAIKO TSUKAMOTO,ャ,
SKAMOTTS,1289,1289,4078,名詞,固有名詞,人名,一般,*,*,SKAMOTTS,ャ,
SOUL DRESSING,1289,1289,2938,名詞,固有名詞,人名,一般,*,*,SOUL DRESSING,ャ,
SUPER KICK ASS,1289,1289,2758,名詞,固有名詞,人名,一般,*,*,SUPER KICK ASS,ャ,
SUPER NUMERI,1289,1289,3118,名詞,固有名詞,人名,一般,*,*,SUPER NUMERI,㋘,㋘
SacredMaiden,1289,1289,1086,名詞,固有名詞,人名,一般,*,*,SacredMaiden,ャ,
Sacredmaiden,1289,1289,1086,名詞,固有名詞,人名,一般,*,*,SacredMaiden,ャ,
Saiko tsukamoto,1289,1289,2608,名詞,固有名詞,人名,一般,*,*,SAIKO TSUKAMOTO,ャ,
Skamotts,1289,1289,4078,名詞,固有名詞,人名,一般,*,*,SKAMOTTS,ャ,
Soul dressing,1289,1289,2938,名詞,固有名詞,人名,一般,*,*,SOUL DRESSING,ャ,
Suitcase rhodes,1289,1289,2608,名詞,固有名詞,人名,一般,*,*,Suitcase rhodes,ャ,
Super Red Band,1289,1289,2758,名詞,固有名詞,人名,一般,*,*,Super Red Band,ャ,
Super kick ass,1289,1289,2758,名詞,固有名詞,人名,一般,*,*,SUPER KICK ASS,ャ,
Super numeri,1289,1289,3118,名詞,固有名詞,人名,一般,*,*,SUPER NUMERI,㋘,㋘
Super red band,1289,1289,2758,名詞,固有名詞,人名,一般,*,*,Super Red Band,ャ,
Sweet Beats LUB,1289,1289,2608,名詞,固有名詞,人名,一般,*,*,Sweet Beats LUB,ャ,
Sweet beats lub,1289,1289,2608,名詞,固有名詞,人名,一般,*,*,Sweet Beats LUB,ャ,
T-Lips,1289,1289,5052,名詞,固有名詞,人名,一般,*,*,T-Lips,ャ,
T-lips,1289,1289,5052,名詞,固有名詞,人名,一般,*,*,T-Lips,ャ,
T.2,1289,1289,7251,名詞,固有名詞,人名,一般,*,*,T.2,ャ,
T.N.SWING BIG BAND,1289,1289,2198,名詞,固有名詞,人名,一般,*,*,T.N.SWING BIG BAND,㋘,㋘
T.O.T a.k.a.Top Of Tree,1289,1289,3528,名詞,固有名詞,人名,一般,*,*,T.O.T a.k.a.Top Of Tree,ャ,
T.n.swing big band,1289,1289,2198,名詞,固有名詞,人名,一般,*,*,T.N.SWING BIG BAND,㋘,㋘
T.o.t a.k.a.top of tree,1289,1289,3528,名詞,固有名詞,人名,一般,*,*,T.O.T a.k.a.Top Of Tree,ャ,
TEAM MII,1289,1289,4078,名詞,固有名詞,人名,一般,*,*,TEAM MII,ャ,
TETSUYA KOMURO,1289,1289,2758,名詞,固有名詞,人名,一般,*,*,TETSUYA KOMURO,ャ,
TN8,1289,1289,7251,名詞,固有名詞,人名,一般,*,*,TN8,㋘,㋘
TNT,1289,1289,7251,名詞,固有名詞,人名,一般,*,*,TNT,㋘,㋘
TNX,1289,1289,7251,名詞,固有名詞,人名,一般,*,*,TNX,㋘,㋘
TOTAL PONKOTSU SYSTEM,1289,1289,3528,名詞,固有名詞,人名,一般,*,*,TOTAL PONKOTSU SYSTEM,ャ,
TRCNG,1289,1289,6278,名詞,固有名詞,人名,一般,*,*,TRCNG,㋘,㋘
TSAN,1289,1289,6855,名詞,固有名詞,人名,一般,*,*,TSAN,ャ,
TSUJI KOSUKE,1289,1289,3118,名詞,固有名詞,人名,一般,*,*,TSUJI KOSUKE,ャ,
TSUKAMARO,1289,1289,3758,名詞,固有名詞,人名,一般,*,*,TSUKAMARO,ャ,
TSUKASA,1289,1289,4390,名詞,固有名詞,人名,一般,*,*,TSUKASA,ャ,
TSUKEMEN,1289,1289,4078,名詞,固有名詞,人名,一般,*,*,TSUKEMEN,ャ,
TSUKIKO,1289,1289,4390,名詞,固有名詞,人名,一般,*,*,TSUKIKO,ャ,
TSUKINOSORA,1289,1289,2710,名詞,固有名詞,人名,一般,*,*,TSUKINOSORA,ャ,
TSUKUYOMI,1289,1289,3758,名詞,固有名詞,人名,一般,*,*,TSUKUYOMI,ャ,
TSUMUZI,1289,1289,4390,名詞,固有名詞,人名,一般,*,*,TSUMUZI,ャ,
TTNC,1289,1289,6855,名詞,固有名詞,人名,一般,*,*,TTNC,㋘,㋘
TUJIKO NORIKO,1289,1289,2938,名詞,固有名詞,人名,一般,*,*,TUJIKO NORIKO,ャ,
TWIGGY,1289,1289,5052,名詞,固有名詞,人名,一般,*,*,TWIGGY,ャ,
TWIGY Al Salaam,1289,1289,2608,名詞,固有名詞,人名,一般,*,*,TWIGY Al Salaam,ャ,
TWIGY,1289,1289,6278,名詞,固有名詞,人名,一般,*,*,TWIGY,ャ,
TWIN CROSS,1289,1289,3528,名詞,固有名詞,人名,一般,*,*,TWIN CROSS,ャ,
TWIN-CRUE l MIRROR-CREW,1289,1289,3528,名詞,固有名詞,人名,一般,*,*,TWIN-CRUE l MIRROR-CREW,ャ,
TWING TWANG ACOUSTICS,1289,1289,3528,名詞,固有名詞,人名,一般,*,*,TWING TWANG ACOUSTICS,ャ,
TWINZER,1289,1289,4390,名詞,固有名詞,人名,一般,*,*,TWINZER,ャ,
TWIST,1289,1289,6278,名詞,固有名詞,人名,一般,*,*,TWIST,ャ,
TWISTARS,1289,1289,4078,名詞,固有名詞,人名,一般,*,*,TWISTARS,ャ,
TWISTED HARBOR TOWN,1289,1289,2098,名詞,固有名詞,人名,一般,*,*,TWISTED HARBOR TOWN,ャ,
TWO of US,1289,1289,3758,名詞,固有名詞,人名,一般,*,*,TWO of US,ャ,
TWiN PARADOX,1289,1289,3118,名詞,固有名詞,人名,一般,*,*,TWiN PARADOX,ャ,
Takashi Numazawa,1289,1289,2458,名詞,固有名詞,人名,一般,*,*,Takashi Numazawa,㋘,㋘
Takashi numazawa,1289,1289,2458,名詞,固有名詞,人名,一般,*,*,Takashi Numazawa,㋘,㋘
Tatsuya Nakamura,1289,1289,2458,名詞,固有名詞,人名,一般,*,*,Tatsuya Nakamura,ャ,
Tatsuya nakamura,1289,1289,2458,名詞,固有名詞,人名,一般,*,*,Tatsuya Nakamura,ャ,
Team mii,1289,1289,4078,名詞,固有名詞,人名,一般,*,*,TEAM MII,ャ,
Tetsuya komuro,1289,1289,2758,名詞,固有名詞,人名,一般,*,*,TETSUYA KOMURO,ャ,
Tiziano Bianchi,1289,1289,2608,名詞,固有名詞,人名,一般,*,*,Tiziano Bianchi,ャ,
Tiziano bianchi,1289,1289,2608,名詞,固有名詞,人名,一般,*,*,Tiziano Bianchi,ャ,
Total ponkotsu system,1289,1289,3528,名詞,固有名詞,人名,一般,*,*,TOTAL PONKOTSU SYSTEM,ャ,
Trcng,1289,1289,6278,名詞,固有名詞,人名,一般,*,*,TRCNG,㋘,㋘
Trickstar,1289,1289,3758,名詞,固有名詞,人名,一般,*,*,Trickstar,ャ,
Tsan,1289,1289,6855,名詞,固有名詞,人名,一般,*,*,TSAN,ャ,
Tsuji kosuke,1289,1289,3118,名詞,固有名詞,人名,一般,*,*,TSUJI KOSUKE,ャ,
Tsukamaro,1289,1289,3758,名詞,固有名詞,人名,一般,*,*,TSUKAMARO,ャ,
Tsukasa,1289,1289,4390,名詞,固有名詞,人名,一般,*,*,TSUKASA,ャ,
Tsukemen,1289,1289,4078,名詞,固有名詞,人名,一般,*,*,TSUKEMEN,ャ,
Tsukiko,1289,1289,4390,名詞,固有名詞,人名,一般,*,*,TSUKIKO,ャ,
Tsukinosora,1289,1289,2710,名詞,固有名詞,人名,一般,*,*,TSUKINOSORA,ャ,
Tsukuyomi,1289,1289,3758,名詞,固有名詞,人名,一般,*,*,TSUKUYOMI,ャ,
Tsumuzi,1289,1289,4390,名詞,固有名詞,人名,一般,*,*,TSUMUZI,ャ,
Ttnc,1289,1289,6855,名詞,固有名詞,人名,一般,*,*,TTNC,㋘,㋘
Tujiko noriko,1289,1289,2938,名詞,固有名詞,人名,一般,*,*,TUJIKO NORIKO,ャ,
Twiggy,1289,1289,5052,名詞,固有名詞,人名,一般,*,*,TWIGGY,ャ,
Twigy al salaam,1289,1289,2608,名詞,固有名詞,人名,一般,*,*,TWIGY Al Salaam,ャ,
Twigy,1289,1289,6278,名詞,固有名詞,人名,一般,*,*,TWIGY,ャ,
Twin Soul,1289,1289,3758,名詞,固有名詞,人名,一般,*,*,Twin Soul,ャ,
Twin Triangles,1289,1289,2758,名詞,固有名詞,人名,一般,*,*,Twin Triangles,ャ,
Twin cross,1289,1289,3528,名詞,固有名詞,人名,一般,*,*,TWIN CROSS,ャ,
Twin paradox,1289,1289,3118,名詞,固有名詞,人名,一般,*,*,TWiN PARADOX,ャ,
Twin soul,1289,1289,3758,名詞,固有名詞,人名,一般,*,*,Twin Soul,ャ,
Twin triangles,1289,1289,2758,名詞,固有名詞,人名,一般,*,*,Twin Triangles,ャ,
Twin-crue l mirror-crew,1289,1289,3528,名詞,固有名詞,人名,一般,*,*,TWIN-CRUE l MIRROR-CREW,ャ,
Twin2,1289,1289,6278,名詞,固有名詞,人名,一般,*,*,Twin2,ャ,
TwinStellar,1289,1289,2710,名詞,固有名詞,人名,一般,*,*,TwinStellar,ャ,
Twing twang acoustics,1289,1289,3528,名詞,固有名詞,人名,一般,*,*,TWING TWANG ACOUSTICS,ャ,
Twinstellar,1289,1289,2710,名詞,固有名詞,人名,一般,*,*,TwinStellar,ャ,
Twinzer,1289,1289,4390,名詞,固有名詞,人名,一般,*,*,TWINZER,ャ,
Twist,1289,1289,6278,名詞,固有名詞,人名,一般,*,*,TWIST,ャ,
Twistars,1289,1289,4078,名詞,固有名詞,人名,一般,*,*,TWISTARS,ャ,
Twisted harbor town,1289,1289,2098,名詞,固有名詞,人名,一般,*,*,TWISTED HARBOR TOWN,ャ,
Two Side RAY,1289,1289,3118,名詞,固有名詞,人名,一般,*,*,Two Side RAY,ャ,
Two Side,1289,1289,4078,名詞,固有名詞,人名,一般,*,*,Two Side,ャ,
Two of us,1289,1289,3758,名詞,固有名詞,人名,一般,*,*,TWO of US,ャ,
Two side ray,1289,1289,3118,名詞,固有名詞,人名,一般,*,*,Two Side RAY,ャ,
Two side,1289,1289,4078,名詞,固有名詞,人名,一般,*,*,Two Side,ャ,
Twotone,1289,1289,4390,名詞,固有名詞,人名,一般,*,*,Twotone,ャ,
U2,1289,1289,7587,名詞,固有名詞,人名,一般,*,*,U2,ャ,
UN.a,1289,1289,6855,名詞,固有名詞,人名,一般,*,*,UN.a,㋘,㋘
Ug Noodle,1289,1289,3758,名詞,固有名詞,人名,一般,*,*,Ug Noodle,㋘,㋘
Ug noodle,1289,1289,3758,名詞,固有名詞,人名,一般,*,*,Ug Noodle,㋘,㋘
Un.a,1289,1289,6855,名詞,固有名詞,人名,一般,*,*,UN.a,㋘,㋘
WARFUCK,1289,1289,4390,名詞,固有名詞,人名,一般,*,*,WARFUCK,ャ,
WILLITS+SAKAMOTO,1289,1289,2458,名詞,固有名詞,人名,一般,*,*,WILLITS+SAKAMOTO,ャ,
Warfuck,1289,1289,4390,名詞,固有名詞,人名,一般,*,*,WARFUCK,ャ,
Willits+sakamoto,1289,1289,2458,名詞,固有名詞,人名,一般,*,*,WILLITS+SAKAMOTO,ャ,
World Maps,1289,1289,3528,名詞,固有名詞,人名,一般,*,*,World Maps,ャ,
World maps,1289,1289,3528,名詞,固有名詞,人名,一般,*,*,World Maps,ャ,
Yukiro Wakatsuki,1289,1289,2458,名詞,固有名詞,人名,一般,*,*,Yukiro Wakatsuki,ャ,
Yukiro wakatsuki,1289,1289,2458,名詞,固有名詞,人名,一般,*,*,Yukiro Wakatsuki,ャ,
ZWEIGLANZ,1289,1289,3758,名詞,固有名詞,人名,一般,*,*,ZWEIGLANZ,ャ,
Zwei,1289,1289,6855,名詞,固有名詞,人名,一般,*,*,Zwei,ャ,
Zweiglanz,1289,1289,3758,名詞,固有名詞,人名,一般,*,*,ZWEIGLANZ,ャ,
a.n.r.i.,1289,1289,4078,名詞,固有名詞,人名,一般,*,*,A.N.R.i.,㋘,㋘
ai kisaragi x tetsuroh konishi,1289,1289,3528,名詞,固有名詞,人名,一般,*,*,Ai Kisaragi x Tetsuroh Konishi,ャ,
airbox,1289,1289,5052,名詞,固有名詞,人名,一般,*,*,AirBox,ャ,
akihiko matsumoto,1289,1289,2328,名詞,固有名詞,人名,一般,*,*,Akihiko Matsumoto,ャ,
alfee meets kanlekeez,1289,1289,3528,名詞,固有名詞,人名,一般,*,*,ALFEE meets KanLeKeeZ,ャ,
amatsuka,1289,1289,4078,名詞,固有名詞,人名,一般,*,*,AMATSUKA,ャ,
aoi tsukino,1289,1289,3298,名詞,固有名詞,人名,一般,*,*,Aoi Tsukino,ャ,
apx,1289,1289,7251,名詞,固有名詞,人名,一般,*,*,APX,ャ,
arts the foundation,1289,1289,2098,名詞,固有名詞,人名,一般,*,*,Arts The Foundation,ャ,
back-zets,1289,1289,3758,名詞,固有名詞,人名,一般,*,*,BACK-ZETS,ャ,
c17h19no3,1289,1289,3758,名詞,固有名詞,人名,一般,*,*,C17H19NO3,㋘スリー,㋘[スリ]ー
calm presents k.f.,1289,1289,2198,名詞,固有名詞,人名,一般,*,*,CALM presents K.F.,ャ,
cnblue,1289,1289,5052,名詞,固有名詞,人名,一般,*,*,CNBLUE,㋘,㋘
cnco,1289,1289,6855,名詞,固有名詞,人名,一般,*,*,CNCO,㋘,㋘
cojirase the trip,1289,1289,2328,名詞,固有名詞,人名,一般,*,*,COJIRASE THE TRIP,ャ,
cordyceps,1289,1289,3758,名詞,固有名詞,人名,一般,*,*,CORDYCEPS,ャ,
dna,1289,1289,7251,名詞,固有名詞,人名,一般,*,*,DNA,㋘,㋘
e-n-d,1289,1289,6278,名詞,固有名詞,人名,一般,*,*,E-N-D,㋘,㋘
eiji meets aces of syncopation,1289,1289,3528,名詞,固有名詞,人名,一般,*,*,Eiji meets Aces of Syncopation,ャ,
enoii,1289,1289,6278,名詞,固有名詞,人名,一般,*,*,ENOII,㋘ャ,㋘]ヤ
ethnic minority,1289,1289,2608,名詞,固有名詞,人名,一般,*,*,ETHNIC MINORITY,ャ,
exile atsushi,1289,1289,2938,名詞,固有名詞,人名,一般,*,*,EXILE ATSUSHI,ャ,
fantastics from exile tribe,1289,1289,2340,名詞,固有名詞,人名,一般,*,*,FANTASTICS from EXILE TRIBE,ャ,
gnu,1289,1289,7251,名詞,固有名詞,人名,一般,*,*,gnu,㋘,㋘
hatsuho furukawa piano trio,1289,1289,2340,名詞,固有名詞,人名,一般,*,*,HATSUHO FURUKAWA PIANO TRIO,ャ,
hatsumi,1289,1289,4390,名詞,固有名詞,人名,一般,*,*,Hatsumi,ャ,
hearts grow,1289,1289,3298,名詞,固有名詞,人名,一般,*,*,Hearts Grow,ャ,
hearts of brain,1289,1289,2608,名詞,固有名詞,人名,一般,*,*,HEARTS OF BRAIN,ャ,
heartsdales,1289,1289,2710,名詞,固有名詞,人名,一般,*,*,Heartsdales,ャ,
heinous,1289,1289,4390,名詞,固有名詞,人名,一般,*,*,HEINOUS,㋘,㋘
hikaru meets kenichi yanai,1289,1289,3528,名詞,固有名詞,人名,一般,*,*,HIKARU meets KENICHI YANAI,ャ,
hiroyuki matsumoto,1289,1289,2063,名詞,固有名詞,人名,一般,*,*,Hiroyuki Matsumoto,ャ,
iTuca,1289,1289,6278,名詞,固有名詞,人名,一般,*,*,iTuca,ャ,
ii dogg,1289,1289,4390,名詞,固有名詞,人名,一般,*,*,II DOGG,ャ,
ikuko tune,1289,1289,3528,名詞,固有名詞,人名,一般,*,*,IKUKO TUNE,ャ,
ituca,1289,1289,6278,名詞,固有名詞,人名,一般,*,*,iTuca,ャ,
k.f.re-presents calm,1289,1289,1998,名詞,固有名詞,人名,一般,*,*,K.F.re-presents CALM,ャ,
k2 with.es,1289,1289,3528,名詞,固有名詞,人名,一般,*,*,K2 with.es,ャ,
k2,1289,1289,7587,名詞,固有名詞,人名,一般,*,*,K2,ャ,
k2band,1289,1289,5052,名詞,固有名詞,人名,一般,*,*,K2BAND,ャ,
king gnu,1289,1289,4078,名詞,固有名詞,人名,一般,*,*,King Gnu,㋘,㋘
kis-my-ft2,1289,1289,3528,名詞,固有名詞,人名,一般,*,*,Kis-My-Ft2,ャ,
kk null,1289,1289,4390,名詞,固有名詞,人名,一般,*,*,KK NULL,㋘,㋘
knights of round,1289,1289,2458,名詞,固有名詞,人名,一般,*,*,KNIGHTS OF ROUND,ャ,
knu,1289,1289,7251,名詞,固有名詞,人名,一般,*,*,KNU,㋘,㋘
knx,1289,1289,7251,名詞,固有名詞,人名,一般,*,*,KNX,㋘,㋘
kosuke tsuji,1289,1289,3118,名詞,固有名詞,人名,一般,*,*,Kosuke Tsuji,ャ,
krn-gen.w,1289,1289,3758,名詞,固有名詞,人名,一般,*,*,KRN-GEN.W,㋘,㋘
kyn a.k.a koyanmusic,1289,1289,1998,名詞,固有名詞,人名,一般,*,*,KYN a.k.a KOYANMUSIC,㋘,㋘
lights dim with gallery six,1289,1289,3528,名詞,固有名詞,人名,一般,*,*,Lights Dim with Gallery Six,ャ,
lion heads,1289,1289,3528,名詞,固有名詞,人名,一般,*,*,Lion Heads,ャ,
loostripper,1289,1289,2710,名詞,固有名詞,人名,一般,*,*,Loostripper,ャ,
m2u,1289,1289,7251,名詞,固有名詞,人名,一般,*,*,M2U,ャ,
magical2,1289,1289,4078,名詞,固有名詞,人名,一般,*,*,magical2,ャ,
maudie featuring shingo matsuda,1289,1289,-12722,名詞,固有名詞,人名,一般,*,*,MAUDIE featuring Shingo Matsuda,ャ,
maykidz,1289,1289,4390,名詞,固有名詞,人名,一般,*,*,MAYKIDZ,ャ,
mezza milzow european quartet,1289,1289,-4925,名詞,固有名詞,人名,一般,*,*,MEZZA MILZOW EUROPEAN QUARTET,ャ,
mika stoltzman,1289,1289,2758,名詞,固有名詞,人名,一般,*,*,Mika Stoltzman,ャ,
mitsuhiro,1289,1289,3758,名詞,固有名詞,人名,一般,*,*,MITSUHIRO,ャ,
mjt,1289,1289,7251,名詞,固有名詞,人名,一般,*,*,MJT,ャ,
modern blue quintet,1289,1289,2098,名詞,固有名詞,人名,一般,*,*,modern blue quintet,ャ,
moon drop,1289,1289,3758,名詞,固有名詞,人名,一般,*,*,moon drop,ャ,
morbid art,1289,1289,3528,名詞,固有名詞,人名,一般,*,*,MORBID ART,ャ,
n-pop crew,1289,1289,3528,名詞,固有名詞,人名,一般,*,*,N-POP crew,㋘,㋘
n/a,1289,1289,7251,名詞,固有名詞,人名,一般,*,*,N/A,㋘,㋘
nameless a.k.a n.l,1289,1289,2198,名詞,固有名詞,人名,一般,*,*,Nameless A.k.a N.L,㋘,㋘
naomi de nachan,1289,1289,2608,名詞,固有名詞,人名,一般,*,*,Naomi de Nachan,ャ,
naoto matsuzaki,1289,1289,2608,名詞,固有名詞,人名,一般,*,*,Naoto Matsuzaki,ャ,
naoya numa,1289,1289,3528,名詞,固有名詞,人名,一般,*,*,Naoya Numa,㋘,㋘
nbgi,1289,1289,6855,名詞,固有名詞,人名,一般,*,*,NBGI,㋘,㋘
nct 127,1289,1289,4390,名詞,固有名詞,人名,一般,*,*,NCT 127,㋘ヒャクニジュウナナ,㋘[ヒャ[クニ]ジュウ[ナ]ナ
ngt48,1289,1289,6278,名詞,固有名詞,人名,一般,*,*,NGT48,㋘,㋘
nhyx,1289,1289,6855,名詞,固有名詞,人名,一般,*,*,NHYX,㋘,㋘
nmb48,1289,1289,6278,名詞,固有名詞,人名,一般,*,*,NMB48,㋘,㋘]
nob kinukawa,1289,1289,3118,名詞,固有名詞,人名,一般,*,*,Nob Kinukawa,㋘,㋘
nonoc,1289,1289,6278,名詞,固有名詞,人名,一般,*,*,nonoc,ャ,
noodles,1289,1289,4390,名詞,固有名詞,人名,一般,*,*,noodles,㋘,㋘
noom,1289,1289,6855,名詞,固有名詞,人名,一般,*,*,noom,㋘,㋘
noon,1289,1289,6855,名詞,固有名詞,人名,一般,*,*,noon,㋘,㋘
noonmooon,1289,1289,3758,名詞,固有名詞,人名,一般,*,*,NoonMooon,㋘,㋘
noovy,1289,1289,6278,名詞,固有名詞,人名,一般,*,*,noovy,㋘,㋘
northernlights orchestra,1289,1289,-14742,名詞,固有名詞,人名,一般,*,*,NORTHERNLIGHTS ORCHESTRA,ャ,
notes of museum,1289,1289,2608,名詞,固有名詞,人名,一般,*,*,Notes of Museum,ャ,
nous,1289,1289,6855,名詞,固有名詞,人名,一般,*,*,Nous,㋘,㋘
nouvo nude,1289,1289,3528,名詞,固有名詞,人名,一般,*,*,nouvo nude,㋘㋘,㋘]㋘
nu-nu,1289,1289,6278,名詞,固有名詞,人名,一般,*,*,NU-NU,㋘,㋘
nu:essence,1289,1289,3528,名詞,固有名詞,人名,一般,*,*,Nu:Essence,㋘,㋘
nuance,1289,1289,5052,名詞,固有名詞,人名,一般,*,*,nuance,㋘,㋘
nubo,1289,1289,6855,名詞,固有名詞,人名,一般,*,*,NUBO,㋘,㋘
nuchi,1289,1289,6278,名詞,固有名詞,人名,一般,*,*,Nuchi,㋘,㋘
nude jazz,1289,1289,3758,名詞,固有名詞,人名,一般,*,*,NUDE JAZZ,㋘,㋘
nude,1289,1289,6855,名詞,固有名詞,人名,一般,*,*,NUDE,㋘,㋘
nuito,1289,1289,6278,名詞,固有名詞,人名,一般,*,*,nuito,㋘,㋘
nujabes featuring shing02,1289,1289,3528,名詞,固有名詞,人名,一般,*,*,Nujabes featuring Shing02,㋘ツー,㋘[ツ]ー
nujabes,1289,1289,4390,名詞,固有名詞,人名,一般,*,*,NUJABES,㋘,㋘
nukeme band,1289,1289,3298,名詞,固有名詞,人名,一般,*,*,NUKEME BAND,㋘,㋘
nukleall,1289,1289,4078,名詞,固有名詞,人名,一般,*,*,Nukleall,㋘,㋘
nulls,1289,1289,6278,名詞,固有名詞,人名,一般,*,*,Nulls,㋘,㋘
nunchukka superfly,1289,1289,2063,名詞,固有名詞,人名,一般,*,*,NUNCHUKKA SUPERFLY,㋘,㋘
nuovo immigrato,1289,1289,2608,名詞,固有名詞,人名,一般,*,*,nuovo immigrato,㋘,㋘
nuuamm,1289,1289,5052,名詞,固有名詞,人名,一般,*,*,NUUAMM,㋘,㋘
nyt,1289,1289,7251,名詞,固有名詞,人名,一般,*,*,NYT,㋘,㋘
nyz,1289,1289,7251,名詞,固有名詞,人名,一般,*,*,NYZ,㋘,㋘
o.n.o,1289,1289,6278,名詞,固有名詞,人名,一般,*,*,O.N.O,㋘,㋘
oowets,1289,1289,5052,名詞,固有名詞,人名,一般,*,*,OOWETS,ャ,
petit march,1289,1289,3298,名詞,固有名詞,人名,一般,*,*,petit march,ャ,
phantasic qm,1289,1289,3118,名詞,固有名詞,人名,一般,*,*,Phantasic QM,ャ,
qanun.3,1289,1289,4390,名詞,固有名詞,人名,一般,*,*,Qanun.3,㋘,㋘
roots in heaven,1289,1289,2608,名詞,固有名詞,人名,一般,*,*,ROOTS IN HEAVEN,ャ,
roy roberts experience,1289,1289,3528,名詞,固有名詞,人名,一般,*,*,ROY ROBERTS EXPERIENCE,ャ,
sacredmaiden,1289,1289,1086,名詞,固有名詞,人名,一般,*,*,SacredMaiden,ャ,
saiko tsukamoto,1289,1289,2608,名詞,固有名詞,人名,一般,*,*,SAIKO TSUKAMOTO,ャ,
skamotts,1289,1289,4078,名詞,固有名詞,人名,一般,*,*,SKAMOTTS,ャ,
soul dressing,1289,1289,2938,名詞,固有名詞,人名,一般,*,*,SOUL DRESSING,ャ,
suitcase rhodes,1289,1289,2608,名詞,固有名詞,人名,一般,*,*,Suitcase rhodes,ャ,
super kick ass,1289,1289,2758,名詞,固有名詞,人名,一般,*,*,SUPER KICK ASS,ャ,
super numeri,1289,1289,3118,名詞,固有名詞,人名,一般,*,*,SUPER NUMERI,㋘,㋘
super red band,1289,1289,2758,名詞,固有名詞,人名,一般,*,*,Super Red Band,ャ,
sweet beats lub,1289,1289,2608,名詞,固有名詞,人名,一般,*,*,Sweet Beats LUB,ャ,
t-lips,1289,1289,5052,名詞,固有名詞,人名,一般,*,*,T-Lips,ャ,
t.2,1289,1289,7251,名詞,固有名詞,人名,一般,*,*,T.2,ャ,
t.n.swing big band,1289,1289,2198,名詞,固有名詞,人名,一般,*,*,T.N.SWING BIG BAND,㋘,㋘
t.o.t a.k.a.top of tree,1289,1289,3528,名詞,固有名詞,人名,一般,*,*,T.O.T a.k.a.Top Of Tree,ャ,
takashi numazawa,1289,1289,2458,名詞,固有名詞,人名,一般,*,*,Takashi Numazawa,㋘,㋘
tatsuya nakamura,1289,1289,2458,名詞,固有名詞,人名,一般,*,*,Tatsuya Nakamura,ャ,
team mii,1289,1289,4078,名詞,固有名詞,人名,一般,*,*,TEAM MII,ャ,
tetsuya komuro,1289,1289,2758,名詞,固有名詞,人名,一般,*,*,TETSUYA KOMURO,ャ,
tiziano bianchi,1289,1289,2608,名詞,固有名詞,人名,一般,*,*,Tiziano Bianchi,ャ,
tn8,1289,1289,7251,名詞,固有名詞,人名,一般,*,*,TN8,㋘,㋘
tnt,1289,1289,7251,名詞,固有名詞,人名,一般,*,*,TNT,㋘,㋘
tnx,1289,1289,7251,名詞,固有名詞,人名,一般,*,*,TNX,㋘,㋘
total ponkotsu system,1289,1289,3528,名詞,固有名詞,人名,一般,*,*,TOTAL PONKOTSU SYSTEM,ャ,
trcng,1289,1289,6278,名詞,固有名詞,人名,一般,*,*,TRCNG,㋘,㋘
trickstar,1289,1289,3758,名詞,固有名詞,人名,一般,*,*,Trickstar,ャ,
tsan,1289,1289,6855,名詞,固有名詞,人名,一般,*,*,TSAN,ャ,
tsuji kosuke,1289,1289,3118,名詞,固有名詞,人名,一般,*,*,TSUJI KOSUKE,ャ,
tsukamaro,1289,1289,3758,名詞,固有名詞,人名,一般,*,*,TSUKAMARO,ャ,
tsukasa,1289,1289,4390,名詞,固有名詞,人名,一般,*,*,TSUKASA,ャ,
tsukemen,1289,1289,4078,名詞,固有名詞,人名,一般,*,*,TSUKEMEN,ャ,
tsukiko,1289,1289,4390,名詞,固有名詞,人名,一般,*,*,TSUKIKO,ャ,
tsukinosora,1289,1289,2710,名詞,固有名詞,人名,一般,*,*,TSUKINOSORA,ャ,
tsukuyomi,1289,1289,3758,名詞,固有名詞,人名,一般,*,*,TSUKUYOMI,ャ,
tsumuzi,1289,1289,4390,名詞,固有名詞,人名,一般,*,*,TSUMUZI,ャ,
ttnc,1289,1289,6855,名詞,固有名詞,人名,一般,*,*,TTNC,㋘,㋘
tujiko noriko,1289,1289,2938,名詞,固有名詞,人名,一般,*,*,TUJIKO NORIKO,ャ,
twiggy,1289,1289,5052,名詞,固有名詞,人名,一般,*,*,TWIGGY,ャ,
twigy al salaam,1289,1289,2608,名詞,固有名詞,人名,一般,*,*,TWIGY Al Salaam,ャ,
twigy,1289,1289,6278,名詞,固有名詞,人名,一般,*,*,TWIGY,ャ,
twin cross,1289,1289,3528,名詞,固有名詞,人名,一般,*,*,TWIN CROSS,ャ,
twin paradox,1289,1289,3118,名詞,固有名詞,人名,一般,*,*,TWiN PARADOX,ャ,
twin soul,1289,1289,3758,名詞,固有名詞,人名,一般,*,*,Twin Soul,ャ,
twin triangles,1289,1289,2758,名詞,固有名詞,人名,一般,*,*,Twin Triangles,ャ,
twin-crue l mirror-crew,1289,1289,3528,名詞,固有名詞,人名,一般,*,*,TWIN-CRUE l MIRROR-CREW,ャ,
twin2,1289,1289,6278,名詞,固有名詞,人名,一般,*,*,Twin2,ャ,
twing twang acoustics,1289,1289,3528,名詞,固有名詞,人名,一般,*,*,TWING TWANG ACOUSTICS,ャ,
twinstellar,1289,1289,2710,名詞,固有名詞,人名,一般,*,*,TwinStellar,ャ,
twinzer,1289,1289,4390,名詞,固有名詞,人名,一般,*,*,TWINZER,ャ,
twist,1289,1289,6278,名詞,固有名詞,人名,一般,*,*,TWIST,ャ,
twistars,1289,1289,4078,名詞,固有名詞,人名,一般,*,*,TWISTARS,ャ,
twisted harbor town,1289,1289,2098,名詞,固有名詞,人名,一般,*,*,TWISTED HARBOR TOWN,ャ,
two of us,1289,1289,3758,名詞,固有名詞,人名,一般,*,*,TWO of US,ャ,
two side ray,1289,1289,3118,名詞,固有名詞,人名,一般,*,*,Two Side RAY,ャ,
two side,1289,1289,4078,名詞,固有名詞,人名,一般,*,*,Two Side,ャ,
twotone,1289,1289,4390,名詞,固有名詞,人名,一般,*,*,Twotone,ャ,
u2,1289,1289,7587,名詞,固有名詞,人名,一般,*,*,U2,ャ,
ug noodle,1289,1289,3758,名詞,固有名詞,人名,一般,*,*,Ug Noodle,㋘,㋘
un.a,1289,1289,6855,名詞,固有名詞,人名,一般,*,*,UN.a,㋘,㋘
warfuck,1289,1289,4390,名詞,固有名詞,人名,一般,*,*,WARFUCK,ャ,
willits+sakamoto,1289,1289,2458,名詞,固有名詞,人名,一般,*,*,WILLITS+SAKAMOTO,ャ,
world maps,1289,1289,3528,名詞,固有名詞,人名,一般,*,*,World Maps,ャ,
yn-communications,1289,1289,2328,名詞,固有名詞,人名,一般,*,*,yn-communications,㋘,㋘
yukiro wakatsuki,1289,1289,2458,名詞,固有名詞,人名,一般,*,*,Yukiro Wakatsuki,ャ,
zwei,1289,1289,6855,名詞,固有名詞,人名,一般,*,*,Zwei,ャ,
zweiglanz,1289,1289,3758,名詞,固有名詞,人名,一般,*,*,ZWEIGLANZ,ャ,
いすゞBX,1288,1288,6518,名詞,固有名詞,一般,*,*,*,いすゞ・BX,イスヾビーエックス,イ[スヾビーエ]ックス
いすゞbx,1288,1288,6518,名詞,固有名詞,一般,*,*,*,いすゞ・BX,イスヾビーエックス,イ[スヾビーエ]ックス
いすゞ・BX,1288,1288,5072,名詞,固有名詞,一般,*,*,*,いすゞ・BX,イスヾビーエックス,イ[スヾビーエ]ックス
いすゞ・bx,1288,1288,5072,名詞,固有名詞,一般,*,*,*,いすゞ・BX,イスヾビーエックス,イ[スヾビーエ]ックス
いすゞ・アクシオム,1288,1288,4909,名詞,固有名詞,一般,*,*,*,いすゞ・アクシオム,イスヾアクシオム,イ[スヾアクシオム
いすゞ・アスカ,1288,1288,3260,名詞,固有名詞,一般,*,*,*,いすゞ・アスカ,イスヾアスカ,イ[スヾア]スカ
いすゞ・アセンダー,1288,1288,4909,名詞,固有名詞,一般,*,*,*,いすゞ・アセンダー,イスヾアセンダー,イ[スヾアセ]ンダー
いすゞ・ウィザード,1288,1288,4909,名詞,固有名詞,一般,*,*,*,いすゞ・ウィザード,イスヾウィザード,イ[スヾウィザ]ード
いすゞ・ウィザードアライブ,1288,1288,458,名詞,固有名詞,一般,*,*,*,いすゞ・ウィザードアライブ,イスヾウィザードアライブ,イ[スヾウィザードアラ]イブ
いすゞ・エルガ,1288,1288,4587,名詞,固有名詞,一般,*,*,*,いすゞ・エルガ,イスヾエルガ,イ[スヾエ]ルガ
いすゞ・エルガミオ,1288,1288,4909,名詞,固有名詞,一般,*,*,*,いすゞ・エルガミオ,イスヾエルガミオ,イ[スヾエルガ]ミオ
いすゞ・エルフ,1288,1288,3389,名詞,固有名詞,一般,*,*,*,いすゞ・エルフ,イスヾエルフ,イ[スヾエ]ルフ
いすゞ・エルフィン,1288,1288,4909,名詞,固有名詞,一般,*,*,*,いすゞ・エルフィン,イスヾエルフィン,イ[スヾエ]ルフィン
いすゞ・オアシス,1288,1288,2859,名詞,固有名詞,一般,*,*,*,いすゞ・オアシス,イスヾオアシス,イ[スヾオ]アシス
いすゞ・ガーラ,1288,1288,4587,名詞,固有名詞,一般,*,*,*,いすゞ・ガーラ,イスヾガーラ,イ[スヾガ]ーラ
いすゞ・ガーラミオ,1288,1288,4909,名詞,固有名詞,一般,*,*,*,いすゞ・ガーラミオ,イスヾガーラミオ,イ[スヾガーラ]ミオ
いすゞ・キュービック,1288,1288,4607,名詞,固有名詞,一般,*,*,*,いすゞ・キュービック,イスヾキュービック,イ[スヾキュ]ービック
いすゞ・ギガ,1288,1288,5072,名詞,固有名詞,一般,*,*,*,いすゞ・ギガ,イスヾギガ,イ[スヾギ]ガ
いすゞ・コモ,1288,1288,4849,名詞,固有名詞,一般,*,*,*,いすゞ・コモ,イスヾコモ,イ[スヾコ]モ
いすゞ・ジェミニ,1288,1288,4569,名詞,固有名詞,一般,*,*,*,いすゞ・ジェミニ,イスヾジェミニ,イ[スヾジェ]ミニ
いすゞ・ジェミネット,1288,1288,4607,名詞,固有名詞,一般,*,*,*,いすゞ・ジェミネット,イスヾジェミネット,イ[スヾジェ]ミネット
いすゞ・ジャーニー,1288,1288,4909,名詞,固有名詞,一般,*,*,*,いすゞ・ジャーニー,イスヾジャーニー,イ[スヾジャ]ーニー
いすゞ・ステーツマンデビル,1288,1288,458,名詞,固有名詞,一般,*,*,*,いすゞ・ステーツマンデビル,イスヾステーツマンデビル,イ[スヾステーツマンデ]ビル
いすゞ・スーパークルーザー,1288,1288,-1537,名詞,固有名詞,一般,*,*,*,いすゞ・スーパークルーザー,イスヾスーパークルーザー,イ[スヾスーパークル]ーザー
いすゞ・トラガ,1288,1288,4587,名詞,固有名詞,一般,*,*,*,いすゞ・トラガ,イスヾトラガ,イ[スヾト]ラガ
いすゞ・ニューパワー,1288,1288,3381,名詞,固有名詞,一般,*,*,*,いすゞ・ニューパワー,イスヾニューパワー,イ[スヾニューパ]ワー
いすゞ・ハイパック,1288,1288,4620,名詞,固有名詞,一般,*,*,*,いすゞ・ハイパック,イスヾハイパック,イ[スヾハ]イパ]ック
いすゞ・バーテック,1288,1288,4909,名詞,固有名詞,一般,*,*,*,いすゞ・バーテック,イスヾバーテック,イ[スヾバ]ーテック
いすゞ・パンサー,1288,1288,2240,名詞,固有名詞,一般,*,*,*,いすゞ・パンサー,イスヾパンサー,イ[スヾパ]ンサー
いすゞ・ヒルマンミンクス,1288,1288,2201,名詞,固有名詞,一般,*,*,*,いすゞ・ヒルマンミンクス,イスヾヒルマンミンクス,イ[スヾヒルマンミ]ンクス
いすゞ・ビギン,1288,1288,4587,名詞,固有名詞,一般,*,*,*,いすゞ・ビギン,イスヾビギン,イ[スヾビギン
いすゞ・ビッグホーン,1288,1288,4241,名詞,固有名詞,一般,*,*,*,いすゞ・ビッグホーン,イスヾビッグホーン,イ[スヾビッグホ]ーン
いすゞ・ビークロス,1288,1288,4909,名詞,固有名詞,一般,*,*,*,いすゞ・ビークロス,イスヾビークロス,イ[スヾビ]ークロス
いすゞ・ピアッツァ,1288,1288,4909,名詞,固有名詞,一般,*,*,*,いすゞ・ピアッツァ,イスヾピアッツァ,イ[スヾピア]ッツァ
いすゞ・ファスター,1288,1288,4909,名詞,固有名詞,一般,*,*,*,いすゞ・ファスター,イスヾファスター,イ[スヾファ]スター
いすゞ・ファーゴ,1288,1288,4569,名詞,固有名詞,一般,*,*,*,いすゞ・ファーゴ,イスヾファーゴ,イ[スヾファ]ーゴ
いすゞ・フィリー,1288,1288,4569,名詞,固有名詞,一般,*,*,*,いすゞ・フィリー,イスヾフィリー,イ[スヾフィ]リー
いすゞ・フォワード,1288,1288,1595,名詞,固有名詞,一般,*,*,*,いすゞ・フォワード,イスヾフォワード,イ[スヾフォ]ワ]ード
いすゞ・フローリアン,1288,1288,4607,名詞,固有名詞,一般,*,*,*,いすゞ・フローリアン,イスヾフローリアン,イ[スヾフロ]ーリアン
いすゞ・ベレット,1288,1288,4569,名詞,固有名詞,一般,*,*,*,いすゞ・ベレット,イスヾベレット,イ[スヾベ]レット
いすゞ・ベレル,1288,1288,4587,名詞,固有名詞,一般,*,*,*,いすゞ・ベレル,イスヾベレル,イ[スヾベ]レル
いすゞ・ミュー,1288,1288,4587,名詞,固有名詞,一般,*,*,*,いすゞ・ミュー,イスヾミュー,イ[スヾミュ]ー
いすゞ・ユニキャブ,1288,1288,4909,名詞,固有名詞,一般,*,*,*,いすゞ・ユニキャブ,イスヾユニキャブ,イ[スヾユ]ニキャブ
いすゞ・リーチ,1288,1288,4006,名詞,固有名詞,一般,*,*,*,いすゞ・リーチ,イスヾリーチ,イ[スヾリ]ーチ
いすゞ・ロデオ,1288,1288,4587,名詞,固有名詞,一般,*,*,*,いすゞ・ロデオ,イスヾロデオ,イ[スヾロ]デオ
いすゞ・ワスプ,1288,1288,4587,名詞,固有名詞,一般,*,*,*,いすゞ・ワスプ,イスヾワスプ,イ[スヾワ]スプ
アシㇼパ,1289,1289,6855,名詞,固有名詞,人名,一般,*,*,アシㇼパ,アシㇼパ,ア[シㇼパ
ェ・・・,1288,1288,4133,名詞,固有名詞,一般,*,*,*,ェ・・・,ェ,
北海道いすゞ自動車株式会社,1292,1292,3886,名詞,固有名詞,組織,*,*,*,北海道いすゞ自動車,ホッカイドウイスヾジドウシャカブシキガイシャ,ホ[ッカ]イドーイ[スヾジド]ウシャカ[ブシキガ]イシャ
青森いすゞ自動車株式会社,1292,1292,6172,名詞,固有名詞,組織,*,*,*,青森いすゞ自動車,アオモリイスヾジドウシャカブシキガイシャ,ア[オ]モリイ[スヾジド]ウシャカ[ブシキガ]イシャ
（ぁ,1288,1288,8142,名詞,固有名詞,一般,*,*,*,(ぁ,ァ,
